{"Country":{"0":"AUT","1":"AUT","2":"AUT","3":"AUT","4":"AUT","5":"AUT","6":"AUT","7":"AUT","8":"AUT","9":"AUT","10":"AUT","11":"BEL","12":"BEL","13":"BEL","14":"BEL","15":"BEL","16":"BEL","17":"BEL","18":"BEL","19":"BEL","20":"BEL","21":"BEL","22":"IRL","23":"IRL","24":"IRL","25":"IRL","26":"IRL","27":"IRL","28":"IRL","29":"IRL","30":"IRL","31":"IRL","32":"IRL","33":"LUX","34":"LUX","35":"LUX","36":"LUX","37":"LUX","38":"LUX","39":"LUX","40":"LUX","41":"LUX","42":"LUX","43":"LUX","44":"NLD","45":"NLD","46":"NLD","47":"NLD","48":"NLD","49":"NLD","50":"NLD","51":"NLD","52":"NLD","53":"NLD","54":"NLD"},"Year":{"0":2012,"1":2013,"2":2014,"3":2015,"4":2016,"5":2017,"6":2018,"7":2019,"8":2020,"9":2021,"10":2022,"11":2012,"12":2013,"13":2014,"14":2015,"15":2016,"16":2017,"17":2018,"18":2019,"19":2020,"20":2021,"21":2022,"22":2012,"23":2013,"24":2014,"25":2015,"26":2016,"27":2017,"28":2018,"29":2019,"30":2020,"31":2021,"32":2022,"33":2012,"34":2013,"35":2014,"36":2015,"37":2016,"38":2017,"39":2018,"40":2019,"41":2020,"42":2021,"43":2022,"44":2012,"45":2013,"46":2014,"47":2015,"48":2016,"49":2017,"50":2018,"51":2019,"52":2020,"53":2021,"54":2022},"GDP(USD_cap)":{"0":46477.655075,"1":47936.677963,"2":48813.534409,"3":49942.056293,"4":52665.087457,"5":54188.360666,"6":56956.110562,"7":59719.612013,"8":57258.818295,"9":59991.439846,"10":68774.881689,"11":42290.477674,"12":43672.712292,"13":44929.933328,"14":46201.685891,"15":48599.202676,"16":50442.947518,"17":52530.84151,"18":55804.713631,"19":54544.41924,"20":58845.530928,"21":65818.301179,"22":46409.672305,"23":47882.067704,"24":51195.980951,"25":69165.900652,"26":71633.128805,"27":78051.654251,"28":84824.335541,"29":89846.694028,"30":94037.963161,"31":106879.157958,"32":128343.445998,"33":96535.745828,"34":100561.366405,"35":104917.945675,"36":107898.304236,"37":112955.470175,"38":114862.528755,"39":116334.724739,"40":119253.372812,"41":119882.982023,"42":131311.164821,"43":143394.130003,"44":47271.968226,"45":49242.786711,"46":49233.230349,"47":50288.352815,"48":52289.404292,"49":55089.58143,"50":57825.399708,"51":60207.9957,"52":59821.266235,"53":63369.162705,"54":70966.057612},"Construction(thnd_per)":{"0":368.425,"1":364.25,"2":357.425,"3":347.85,"4":350.1,"5":342.025,"6":343.675,"7":357.85,"8":348.3,"9":323.875,"10":367.0,"11":324.85,"12":329.65,"13":325.05,"14":323.25,"15":335.05,"16":318.05,"17":323.375,"18":340.35,"19":320.675,"20":311.875,"21":311.425,"22":83.4,"23":85.925,"24":93.775,"25":108.775,"26":118.6,"27":128.675,"28":143.375,"29":146.975,"30":137.175,"31":138.6,"32":165.2,"33":14.75,"34":13.9,"35":11.175,"36":15.0,"37":14.725,"38":13.9,"39":15.825,"40":16.35,"41":15.7,"42":15.75,"43":14.7,"44":441.45,"45":412.825,"46":397.5,"47":402.6,"48":397.575,"49":408.675,"50":402.75,"51":412.55,"52":406.95,"53":396.65,"54":414.75},"Investment in Dwellings(%_GFCF)":{"0":19.0232700305,"1":18.8103907902,"2":18.9003207461,"3":18.7602079301,"4":18.4633271892,"5":18.970580518,"6":18.7179697926,"7":18.871210799,"8":19.8752508085,"9":19.8743667028,"10":20.2024747356,"11":25.5294170717,"12":25.5613092375,"13":25.6854930403,"14":24.864534967,"15":24.6066991496,"16":24.6036235171,"17":24.8297926963,"18":25.220795086,"19":25.2554049775,"20":25.9227855739,"21":26.2548655667,"22":7.5545223675,"23":8.4593312922,"24":8.588169887,"25":6.1266253261,"26":5.0581661437,"27":6.3354178416,"28":8.1906147031,"29":4.2264165283,"30":5.0490449686,"31":9.0208281291,"32":9.6113955447,"33":15.0614440839,"34":18.2961184128,"35":18.8971761793,"36":22.0115308388,"37":23.4647017737,"38":20.4586786711,"39":23.613308998,"40":22.8503322538,"41":23.1733445617,"42":19.7769348625,"43":19.1291792776,"44":18.9037182156,"45":16.468569826,"46":17.4541637746,"47":15.8175607901,"48":20.6077289571,"49":22.1577991525,"50":23.911242117,"51":23.761631406,"52":24.903866726,"53":25.4337451859,"54":25.1501464238}}